AAU - Viden for verden;https://www.aau.dk/
AAU Alumni - Verdens største projektgruppe;https://www.alumni.aau.dk/
Phd stillinger;https://www.stillinger.aau.dk/phd-stillinger/
nyhed;https://www.nyheder.aau.dk/2020/nyhed/vaer-skarp-paa-formaal-og-roller-i-borgerinddragelse.cid494880
Økonomiafdelingen;https://www.okonomi.aau.dk
Arrangementer på AAU;https://www.aau.dk/arrangementer
AAU's søgemaskine;https://www.search.aau.dk/?locale=da
Efteruddannelser på Aalborg Universitet;https://www.evu.aau.dk
Ansatte og studerende på AAU;https://www.intern.aau.dk/
Snapchat;https://www.snapchat.com/add/aauuni
AAU Alumni - THE GATEWAY TO NETWORKING;https://www.en.aau.dk/alumni
For pressen;https://www.aau.dk/pressen
AAU Alumni - Verdens største projektgruppe;https://www.alumni.aau.dk/
Nyheder fra AAU;https://www.nyheder.aau.dk/
Kvalitetssikring og -udvikling af uddannelser;https://www.kvalitetssikring.aau.dk
Økonomiafdelingen;https://www.okonomi.aau.dk
Campusområder på AAU;https://www.aau.dk/om-aau/organisation/campus
AAU's søgemaskine;https://www.search.aau.dk/?locale=da
Ledige stillinger på Aalborg Universitet;http://www.stillinger.aau.dk/
Sidefag og tilvalgsfag på Aalborg Universitet;https://www.aau.dk/uddannelser/sidefag-tilvalgsfag
\n                Find presse/medier\n             — Aalborg Universitets forskningsportal;https://vbn.aau.dk/da/clippings/
Aalborg Universitet - YouTube;https://www.youtube.com/aalborguniversitet
Ledige stillinger på Aalborg Universitet;https://www.stillinger.aau.dk/
Log på Facebook | Facebook;http://www.facebook.com/sharer.php?u=https%3A%2F%2Fwww.nyheder.aau.dk%2F2020%2Fnyhed%2F%2Fvaer-skarp-paa-formaal-og-roller-i-borgerinddragelse.cid494880
Bachelor;https://www.aau.dk/uddannelser/optagelse/bachelor
AAU's søgemaskine;https://www.search.aau.dk/?locale=da
https://vbn.aau.dk/ws/portalfiles/portal/369729535/3740839_Metodekatalog_AAU.pdf;https://vbn.aau.dk/ws/portalfiles/portal/369729535/3740839_Metodekatalog_AAU.pdf
Aalborg Universitet - YouTube;https://www.youtube.com/aalborguniversitet
Kvalitetssikring og -udvikling af uddannelser;https://www.kvalitetssikring.aau.dk
finance and accounts department;https://www.en.okonomi.aau.dk/
Om Aalborg Universitet;https://www.aau.dk/om-aau/
AAU's søgemaskine;https://www.search.aau.dk/?locale=da
Aalborg Universitet: Regnskabsforvaltning - Kontoplan;http://regnforv.aau.dk/kontoplan/
Kvalitetssikring og -udvikling af uddannelser;https://www.kvalitetssikring.aau.dk
Forskning;https://www.strategi.aau.dk/Forskning
Samarbejde med Aalborg Universitet;https://www.aau.dk/samarbejde/
Aalborg Universitet: Regnskabsforvaltning - Kontoplan;http://regnforv.aau.dk/kontoplan/kontoplan?Plan=Stedkode
Ledige stillinger på Aalborg Universitet;https://www.stillinger.aau.dk/
ECIU - The European Consortium of Innovative Universities;http://www.eciu.org
Økonomiafdelingen;https://www.okonomi.aau.dk
Adgang for alle, online oplÃ¦sning ;https://www.adgangforalle.dk/
Økonomiafdelingen;https://okonomi.aau.dk
Ledige videnskabelige stillinger på AAU;https://www.stillinger.aau.dk/videnskabelige-stillinger/
finance and accounts department;https://www.en.okonomi.aau.dk/
Bacheloruddannelser på Aalborg Universitet;https://www.aau.dk/uddannelser/bachelor
Snapchat;https://www.snapchat.com/add/aauuni
ECIU - The European Consortium of Innovative Universities;https://www.eciu.org/
Campusområder på AAU;https://www.aau.dk/om-aau/organisation/campus
Adgang for alle, online oplÃ¦sning ;https://www.adgangforalle.dk/
Efteruddannelser på Aalborg Universitet;https://www.evu.aau.dk
Snapchat;https://www.snapchat.com/add/aauuni
Økonomiafdelingen;https://www.okonomi.aau.dk
Kandidatuddannelser på Aalborg Universitet;https://www.aau.dk/uddannelser/kandidat
Snapchat;https://www.snapchat.com/add/aauuni
Aalborg Universitet - YouTube;https://www.youtube.com/aalborguniversitet
Open Access;https://www.aau.dk/forskning/open-access
AAU's søgemaskine;https://www.search.aau.dk/?locale=da
Ansatte og studerende på AAU;https://www.intern.aau.dk/
nyhed;https://www.nyheder.aau.dk/2020/nyhed/ny-masteruddannelse-i-personlig-medicin.cid494847
Din guide til samarbejde med AAU;https://www.aau.dk/samarbejde/guide-samarbejde
Ledige stillinger på Aalborg Universitet;https://www.stillinger.aau.dk/
nyhed;https://www.nyheder.aau.dk/2020/nyhed/international-haeder--aau-ivaerksaettere-loeser-satellitproblem-og-baner-vej-for-en-baeredygtigere-verden.cid494055
Forskning;https://www.strategi.aau.dk/Forskning
Gruppe- og projektarbejde på AAU;https://www.aau.dk/uddannelser/gruppe-og-projektarbejde
Adgang for alle, online oplÃ¦sning ;https://www.adgangforalle.dk/
Ledige videnskabelige stillinger på AAU;https://www.stillinger.aau.dk/videnskabelige-stillinger/
gymnasielærerflex;https://www.gymnasieflex.aau.dk/
Aalborg Universitet - YouTube;https://www.youtube.com/aalborguniversitet
Forskning på Aalborg Universitet;https://www.aau.dk/forskning/
Ansatte og studerende på AAU;https://www.intern.aau.dk/
Search at AAU;https://www.en.search.aau.dk/
AAU Alumni - THE GATEWAY TO NETWORKING;https://www.en.aau.dk/alumni
Kontakt og find rundt på Aalborg Universitet;https://www.aau.dk/kontakt
AAU Alumni - Verdens største projektgruppe;https://www.alumni.aau.dk
Ansatte og studerende på AAU;https://www.intern.aau.dk/
IT;https://www.studerende.aau.dk/it
ECIU - The European Consortium of Innovative Universities;https://www.eciu.org/
Studieliv;https://www.aau.dk/uddannelser/her-kan-du-studere-paa-aau/esbjerg
Adgang for alle, online oplÃ¦sning ;https://www.adgangforalle.dk/
Snapchat;https://www.snapchat.com/add/aauuni
Masterakademiet Efteruddannelse Brochure;http://www.e-pages.dk/aalborguniversitet/747/
For international staff and students;https://www.en.intern.aau.dk/
Aalborg Universitet - YouTube;https://www.youtube.com/aalborguniversitet
Aalborg Universitets institutter;https://www.aau.dk/forskning/forskningsenheder/institutter
AAU's søgemaskine;https://www.search.aau.dk/?locale=da
Ledige stillinger på Aalborg Universitet;https://www.stillinger.aau.dk/
Aalborg Universitet: Regnskabsforvaltning - Kontoplan;http://regnforv.aau.dk/kontoplan/kontoplan?Plan=Projektnummer
Press contacts;https://www.en.aau.dk/press-contact
Kandidat;https://www.aau.dk/uddannelser/optagelse/kandidat/
AAU's søgemaskine;https://www.search.aau.dk/?locale=da
Ansatte og studerende på AAU;https://www.intern.aau.dk/
Alle nyheder fra Update;https://www.update.aau.dk/nyheder
For international staff and students;https://www.en.intern.aau.dk/
About Aalborg University;https://www.en.aau.dk/about-aau
For pressen;https://www.aau.dk/pressen
Ansatte og studerende på AAU;https://www.intern.aau.dk/
AAU's søgemaskine;https://www.search.aau.dk/?locale=da
AAU's kantiner;http://www.kantine.aau.dk
Aalborg University - Knowledge for the World;https://www.en.aau.dk
Vær med til at udnytte opfindelser og teknologi;https://www.aau.dk/samarbejde/virksomheder/udnyt-opfindelser
GitHub: Where the world builds software · GitHub;https://github.com/
Engaged students are the result of using real-world tools - GitHub Education;https://education.github.com
Contact us - GitHub Enterprise;https://enterprise.github.com/contact?ref_page=/&ref_cta=Contact%20Sales&ref_loc=footer%20launchpad
\n    GitHub Shop | Awesome GitHub T-shirts and other cool swag\n    \n    \n    \n  ;https://shop.github.com
GitHub Stars: inspire, educate & influence developer communities;https://stars.github.com
Open Source Guides | Learn how to launch and grow your project.;https://opensource.guide
GitHub - Apps on Google Play;https://play.google.com/store/apps/details?id=com.github.android
Supported browsers - GitHub Docs;https://docs.github.com/articles/supported-browsers
Home | GitHub Resources;https://resources.github.com
GitHub Support;https://support.github.com
Atom;https://atom.io
GitHub - Startside | Facebook;https://www.facebook.com/GitHub
GitHub Support Community;https://github.community
‎GitHub on the App Store;https://apps.apple.com/app/github/id1477376905?ls=1
GitHub Support;https://github.com/contact
GitHub Partners | GitHub Partner Portal;http://partner.github.com/
Engaged students are the result of using real-world tools - GitHub Education;https://education.github.com
Contact us - GitHub Enterprise;https://enterprise.github.com/contact?ref_page=/&ref_cta=Contact%20Sales&ref_loc=billboard%20launchpad
GitHub Professional Services | From idea to implementation, our experts are ready to help your team get wherever you want to go. Start a conversation with us about how we can bring your goals to life.;https://services.github.com/
Gmail;https://mail.google.com/mail/?tab=8m
Electron | Build cross-platform desktop apps with JavaScript, HTML, and CSS.;http://electronjs.org
GitHub Social Impact | The GitHub Social Impact Team connects the social sector to the GitHub community and GitHub employees as they shape the future of technology.;https://socialimpact.github.com/
Customer stories · GitHub;https://github.com/customer-stories
GitHub Partners | GitHub Partner Portal;http://partner.github.com/
Contact us - GitHub Enterprise;https://enterprise.github.com/contact
Movies & TV on Google Play;https://play.google.com/store/movies
GitHub - YouTube;https://www.youtube.com/github
Log ind – Google Konti;https://accounts.google.com/ServiceLogin?passive=1209600&continue=https://play.google.com/store/apps/details?id%3Dcom.github.android&followup=https://play.google.com/store/apps/details?id%3Dcom.github.android&ec=GAZATg
GitHub: Where the world builds software · GitHub;https://github.com/
GitHub Desktop | Simple collaboration from your desktop;https://desktop.github.com/
GitHub CLI | Take GitHub to the command line;https://cli.github.com
https://githubstatus.com/;https://githubstatus.com/
Get Firefox for your enterprise with ESR and Rapid Release;https://www.mozilla.org/en-US/firefox/organizations/
GitHub Support Community;https://community.github.com/
