Nyheder, sport og underholdning;https://ekstrabladet.dk/
Sexlegetøj hos Sinful | Nordens Største Udvalg Af Sexlegetøj;https://www.sinful.dk
Ekstra Bladet har de bedste rabatkoder til dig!;https://rabatkoder.ekstrabladet.dk
Online casino - Find det bedste danske online casino i 2021;https://casino.ekstrabladet.dk/
Ekstra Bladet - Startside | Facebook;https://www.facebook.com/ekstrabladet
Annoncér med Ekstra Bladet;http://salg.ekstrabladet.dk
Dræbt på botilbud var alene på vagt i hus med vred beboer - politiken.dk;https://politiken.dk/indland/art8054410/Dr%C3%A6bt-p%C3%A5-botilbud-var-alene-p%C3%A5-vagt-i-hus-med-vred-beboer?ref=eblistermest
54-årige Niels Henrik Christian Jørgensen på flugt for overfald på kvinde og brand i hus ;https://www.lokalavisen.dk/112/2021-01-05/-54-%C3%A5rige-Niels-Henrik-Christian-J%C3%B8rgensen-p%C3%A5-flugt-for-overfald-p%C3%A5-kvinde-og-brand-i-hus-7592967.html?ref=eblistermest
Jes Dorph fyret fra TV2 – Ekstra Bladet;https://ekstrabladet.dk/underholdning/dkkendte/jes-dorph-fyret-fra-tv2/8421016
https://ekstrabladetbillet.safeticket.dk/events;https://ekstrabladetbillet.safeticket.dk/events
Nyheder, sport og underholdning;https://ekstrabladet.dk/
Sexlegetøj hos Sinful | Nordens Største Udvalg Af Sexlegetøj;https://www.sinful.dk
Ekstra Bladet - Startside | Facebook;https://www.facebook.com/ekstrabladet
Ekstra Bladet har de bedste rabatkoder til dig!;https://rabatkoder.ekstrabladet.dk
Annoncér med Ekstra Bladet;http://salg.ekstrabladet.dk
https://ekstrabladetbillet.safeticket.dk/events;https://ekstrabladetbillet.safeticket.dk/events
Opret annonce;https://massage.side6.dk/Admin/Home/Create
Nyheder – Ekstra Bladet;https://ekstrabladet.dk/nyheder/
Nyheder, sport og underholdning;https://ekstrabladet.dk/
Højesteret slår fast: Skilsmissebørn har brug for både mor og far - politiken.dk;https://politiken.dk/indland/art8053442/Skilsmisseb%C3%B8rn-har-brug-for-b%C3%A5de-mor-og-far?ref=eblistermest
Lyt til Kongerækkens nye podcastserie: TV’et erobrede de små hjem – Men med sociale medier kom folkets stemme til udtryk - politikenhistorie.dk;https://politikenhistorie.dk/podcast/art8037389/TV%E2%80%99et-erobrede-de-sm%C3%A5-hjem-%E2%80%93-Men-med-sociale-medier-kom-folkets-stemme-til-udtryk
Politiken Historie - Startside | Facebook;https://www.facebook.com/politikenhistorie/
Kundeservice – Ekstra Bladet;https://ekstrabladet.dk/om_ekstra_bladet/kundeservice/5570293
Erotik - politiken.dk;https://politiken.dk/kultur/Erotik/
Annoncér med Politiken;https://www.politikenannoncer.dk/
Glemt adgangskode | Kan ikke logge på | Facebook;https://www.facebook.com/recover/initiate?lwv=110&ars=royal_blue_bar
Aftensmad på 25 min.: Pasta picante med cherrytomater, kapers og chili - politikenmad.dk;https://politikenmad.dk/opskrifter/aftensmad/art7958916/Pasta-picante-med-cherrytomater-kapers-og-chili?promo_name=mad-artikel&promo_id=pm&promo_creative=mad-artikel&promo_position=Shuffle&utm_campaign=mad-artikel&utm_source=pol&utm_medium=display&utm_content=mad-artikel
Opret annonce;https://massage.side6.dk/Admin/Home/Create
Magasinet Politiken Historie - Køb abonnement;https://politikenhistorie.dk/shop/?promo_id=ph&promo_name=koeb-abonnement&promo_creative=knap&promo_position=header
E-avis – Ekstra Bladet;https://ekstrabladet.dk/E-avis/
Anmelderen søger ly i byens museer: Det er det vildeste sexorgie, når træerne i Paris sprutter deres pollenstøv ud over hele byen - politiken.dk;https://politiken.dk/kultur/art7126433/Det-er-det-vildeste-sexorgie-n%C3%A5r-tr%C3%A6erne-i-Paris-sprutter-deres-pollenst%C3%B8v-ud-over-hele-byen
https://l.facebook.com/l.php?u=https%3A%2F%2Fwww.instagram.com%2F&h=AT1PX4NkSfujSBoHhqy-9TiYLvQccbBjLHv_UAFbd9VHlTANZJx3y-s9XCIdVrEhcE57k-Y6hvuiDwCws2fpywiAC3CVsOmx6vodd9b_e-HTD-i8HBx0VJjO1qqmgQ8HT1PsCNMt8qjNVRpS;https://l.facebook.com/l.php?u=https%3A%2F%2Fwww.instagram.com%2F&h=AT1PX4NkSfujSBoHhqy-9TiYLvQccbBjLHv_UAFbd9VHlTANZJx3y-s9XCIdVrEhcE57k-Y6hvuiDwCws2fpywiAC3CVsOmx6vodd9b_e-HTD-i8HBx0VJjO1qqmgQ8HT1PsCNMt8qjNVRpS
Lad dine smagsløg rejse med Kondo Sasaki til Japan: Gyoza, grillede blæksprutter, æggekageroulade, gomadressing og grøntsagspandekager - politikenmad.dk;https://politikenmad.dk/opskrifter/aftensmad/art8050328/Gyoza-grillede-bl%C3%A6ksprutter-%C3%A6ggekageroulade-gomadressing-og-gr%C3%B8ntsagspandekager
Kongerækken Podcast - Politiken Historie;https://politikenhistorie.dk/podcast/
Skolemonitor;https://skoleliv.dk/
Husker du billedet af det ældre par på rulletrappen? Det hele kan siges i tre ord, og alligevel er det ikke til at begribe: Jørn er død - politiken.dk;https://politiken.dk/fotografier/art8048766/Husker-du-billedet-af-det-%C3%A6ldre-par-p%C3%A5-rulletrappen-Det-hele-kan-siges-i-tre-ord-og-alligevel-er-det-ikke-til-at-begribe-J%C3%B8rn-er-d%C3%B8d
Skolemonitor - Startside | Facebook;https://www.facebook.com/Skolemonitor/
Potato salada med røget æg - politikenmad.dk;https://politikenmad.dk/opskrifter/art8017268/Potato-salada-med-r%C3%B8get-%C3%A6g
Log ind med Medielogin - Politiken;https://medielogin.dk/politiken/login
Forside - Politiken Historie;https://politikenhistorie.dk/soeg/
Debat: Virkeligheden overhaler drømmen om en skole uden skældud - skoleliv.dk;https://skoleliv.dk/debat/art8030808/Virkeligheden-overhaler-dr%C3%B8mmen-om-en-skole-uden-sk%C3%A6ldud
\n	Vores børnehus har vokseværk! Børnehuset Spirrekassen opnormerer og søger to pædagoger - Holbæk Kommune\n;https://holbaek.emply.net/recruitment/vacancyAd.aspx?publishingId=b54a2ab1-858c-4ca6-aa63-54157d16eda3
Foto - politiken.dk;https://politiken.dk/fotografier/
Politiken MAD - Startside | Facebook;https://www.facebook.com/PolitikenMad/
Opskrifter - Magasinet Politiken MAD;https://politikenmad.dk/opskrifter/aftensmad/
Anne Hammer: Her er mine største håb for 2021 - skoleliv.dk;https://skoleliv.dk/debat/art8039992/Her-er-mine-st%C3%B8rste-h%C3%A5b-for-2021
\n	Undløse Skole-Behandlingshjem søger to nye lærere - Holbæk Kommune\n;https://holbaek.emply.net/recruitment/vacancyAd.aspx?publishingId=b0c52ae4-7784-4f41-871d-c66b721ad3d0
Vesters Verden: Corona set fra 102 centimeters højde - politiken.dk;https://politiken.dk/fotografier/Foto_2020/art7913955/Vesters-Verden-Corona-set-fra-102-centimeters-h%C3%B8jde
Ibyen - Startside | Facebook;https://www.facebook.com/ibyendk/?ref=py_c
Få fingre i opskrifterne: Her er 5 japanske fuldtræffere fra Jah Izakaya - politikenmad.dk;https://politikenmad.dk/opskrifter/aftensmad/art8046536/Her-er-5-japanske-fuldtr%C3%A6ffere-fra-Jah-Izakaya
Find ledige stillinger i Odense Kommune;https://www.odense.dk/job?VacancyId=30128
Forside - Politiken Historie;https://politikenhistorie.dk/nyhedsbreve/
Debat: Vi kender allerede svaret på, hvordan elever bliver bedre læsere - skoleliv.dk;https://skoleliv.dk/debat/art8034522/Vi-kender-allerede-svaret-p%C3%A5-hvordan-elever-bliver-bedre-l%C3%A6sere
Dagtilbud Skovvejen;https://dagtilbudskovvejen.holbaek.dk/
Billedserie: Forvist fra fitnesscentret - politiken.dk;https://politiken.dk/fotografier/art7810808/Forvist-fra-fitnesscentret
foodfanatic.dk - Startside | Facebook;https://www.facebook.com/foodfanatic.dk/?ref=py_c
Opskrifter - Magasinet Politiken MAD;https://politikenmad.dk/opskrifter/
Byudviklingsprojekter Odense;https://www.odense.dk/byens-udvikling/byudviklingsprojekter
Cookieregler | erhvervsstyrelsen.dk;http://erhvervsstyrelsen.dk/hvad-er-cookies
Forside - Politiken Historie;https://politikenhistorie.dk/
Sikkerhedstjekket - Virk | Startvækst;https://startvaekst.virk.dk/sikkerhedstjekket
Foto 2020 - politiken.dk;https://politiken.dk/fotografier/Foto_2020/
Politikens Forlag - Startside | Facebook;https://www.facebook.com/politikensforlag/
Cookies - Om Virk | Virk;https://hjaelp.virk.dk/cookies
Svampegyoza - politikenmad.dk;https://politikenmad.dk/opskrifter/aftensmad/art8016804/Svampegyoza
Her finder du fakta om Odense Kommune som arbejdsplads;https://www.odense.dk/job/ansat-i-odense-kommune
annoncering - politikenhistorie.dk;https://politikenhistorie.dk/art7974585/
Lærer Mette Frederiksen: Det er ikke lærernes skyld, at eleverne halter fagligt. Reformen har fejlet totalt - skoleliv.dk;https://skoleliv.dk/debat/art8040219/Det-er-ikke-l%C3%A6rernes-skyld-at-eleverne-halter-fagligt.-Reformen-har-fejlet-totalt
Web preferences - Opera Help;http://www.opera.com/help/tutorials/security/cookies/
Læste artikler - politiken.dk;https://politiken.dk/minside/laeste-artikler/
Crashes and issues - Opera Help;https://help.opera.com/latest/crashes-and-issues/#updateBrowser
Kinoko-sando: Sandwich med pankopanerede enokisvampe - politikenmad.dk;https://politikenmad.dk/opskrifter/aftensmad/art8019609/Sandwich-med-pankopanerede-enokisvampe
Forvaltninger ;https://www.odense.dk/om-kommunen/forvaltninger
Forskere: Politikere har i årevis vendt det blinde øje til sultne skoleelever – men løsningen er lige for - skoleliv.dk;https://skoleliv.dk/debat/art8038202/Politikere-har-i-%C3%A5revis-vendt-det-blinde-%C3%B8je-til-sultne-skoleelever-%E2%80%93-men-l%C3%B8sningen-er-lige-for
https://politikenbillet.dk/?int_source=supermenu&int_medium=internal&int_campaign=subscribe&int_content=billet;https://politikenbillet.dk/?int_source=supermenu&int_medium=internal&int_campaign=subscribe&int_content=billet
Berlingske - Startside | Facebook;https://www.facebook.com/berlingske/?ref=py_c
\n	Kan du tage nye, vigtige skridt i nogle rummelige sko? - Holbæk Kommune\n;https://holbaek.emply.net/recruitment/vacancyAd.aspx?publishingId=286e82ca-9697-4897-a773-68a3e3a7e859
Vejen til en grønnere jul: Ristede rosenkål med sort hvidløg og dild - politikenmad.dk;https://politikenmad.dk/opskrifter/tilbehoer/art8039610/Ristede-rosenk%C3%A5l-med-sort-hvidl%C3%B8g-og-dild
Politikker, strategier og vision;https://www.odense.dk/politik/politikker-og-visioner
 HIS - Abonnent - 3 numre m. introduktionsrabat (seneste +2) - H3A1G-299 - politikenhistorie.dk;https://politikenhistorie.dk/shop/art6761712/HIS-Abonnent-3-numre-m.-introduktionsrabat-seneste-2-H3A1G-299?promo_id=abonnement&promo_name=juletilbud&promo_creative=laes-mere&promo_position=fishfinger
Debat: Klar kommunikation har været en gevinst og modarbejder ikke god undervisning - tværtimod - skoleliv.dk;https://skoleliv.dk/debat/art8034311/Klar-kommunikation-har-v%C3%A6ret-en-gevinst-og-modarbejder-ikke-god-undervisning-tv%C3%A6rtimod
https://politiken.dk/plus/arrangementer/;https://politiken.dk/plus/arrangementer/
Facebook;https://www.facebook.com/legal/terms/information_about_page_insights_data
