Nyheder, sport og underholdning;https://ekstrabladet.dk/
Ekstra Bladet - Startside | Facebook;https://www.facebook.com/ekstrabladet
https://ekstrabladetbillet.safeticket.dk/events;https://ekstrabladetbillet.safeticket.dk/events
L√•n penge - Ekstra Bladet;https://laan.ekstrabladet.dk/
H√•rdt ramte coronasmittede mangler K-vitamin - Viden;https://jyllands-posten.dk/nyviden/ECE12664230/haardt-ramte-coronasmittede-mangler-kvitamin/?ref=eblistermest
Efter kupfors√∏g p√• telefon rejser Trump med helikopter til Georgia: ¬ªDe kommer ikke til at tage Det Hvide Hus. Vi vil k√¶mpe som ind i helvede for det¬´ - politiken.dk;https://politiken.dk/udland/art8053122/%C2%BBDe-kommer-ikke-til-at-tage-Det-Hvide-Hus.-Vi-vil-k%C3%A6mpe-som-ind-i-helvede-for-det%C2%AB?ref=eblistermest
Video ‚Äì Ekstra Bladet;https://ekstrabladet.dk/video/
Sexleget√∏j hos Sinful | Nordens St√∏rste Udvalg Af Sexleget√∏j;https://www.sinful.dk
Ekstra Bladet har de bedste rabatkoder til dig!;https://rabatkoder.ekstrabladet.dk
https://l.facebook.com/l.php?u=https%3A%2F%2Fekstrabladet.dk%2Fnyheder%2Fsamfund%2Fheunicke-kontakttallet-er-10%2F8420402&h=AT0nBftKLyXBfw0rfMH5Vk3xoZps-OGQfCvGPmRTBMdMbjrwFbFpwoBfzEyL_6BaY_rY8Pq1gW8Gxb_lSxShtA76Pd5LO0IkXBE-BTxDp1Nyu1L_nA6WHtcUjnL0HpMWoN736kMhyXDHlo3kDr8eMleO0dsFJQuboAXeEdUiRAs;https://l.facebook.com/l.php?u=https%3A%2F%2Fekstrabladet.dk%2Fnyheder%2Fsamfund%2Fheunicke-kontakttallet-er-10%2F8420402&h=AT0nBftKLyXBfw0rfMH5Vk3xoZps-OGQfCvGPmRTBMdMbjrwFbFpwoBfzEyL_6BaY_rY8Pq1gW8Gxb_lSxShtA76Pd5LO0IkXBE-BTxDp1Nyu1L_nA6WHtcUjnL0HpMWoN736kMhyXDHlo3kDr8eMleO0dsFJQuboAXeEdUiRAs
Annonc√©r med Ekstra Bladet;http://salg.ekstrabladet.dk
Lewandowski n√¶rmer sig dansker ‚Äì Ekstra Bladet;https://ekstrabladet.dk/sport/fodbold/udenlandsk_fodbold/tyskfodbold/lewandowski-naermer-sig-dansker/8420409
Bjarne kom aldrig hjem til jul: Elsket og savnet - det kan g√¶lde liv eller d√∏d;https://www.lokalavisen.dk/112/2021-01-04/-Bjarne-kom-aldrig-hjem-til-jul-Elsket-og-savnet-det-kan-g%C3%A6lde-liv-eller-d%C3%B8d-7592650.html?ref=eblistermest
Go' morgen Danmark og Go' aften LIVE - Startside | Facebook;https://www.facebook.com/go.tv2.dk/?ref=py_c
Online casino - Find det bedste danske online casino i 2021;https://casino.ekstrabladet.dk/
L√•n penge - Ekstra Bladet;https://laan.ekstrabladet.dk/
Nu m√• vi kun forsamles fem ad gangen - Indland;https://jyllands-posten.dk/indland/ECE12666759/nu-maa-vi-kun-forsamles-fem-ad-gangen/?ref=eblistermest
E-avisen - politiken.dk;https://politiken.dk/e-avisen/
Kundecenter\n;https://abonnement.jyllands-posten.dk/kundecenter.aspx
Sport ‚Äì Ekstra Bladet;https://ekstrabladet.dk/sport/
Dansk journalist d√∏d i tragisk ulykke: Blev kun 42 √•r;https://www.lokalavisen.dk/nyheder/2021-01-03/-Dansk-journalist-d%C3%B8d-i-tragisk-ulykke-Blev-kun-42-%C3%A5r-7592088.html?ref=eblistermest
Facebooks politikker | Facebook;https://www.facebook.com/policies?ref=pf
Klimamonitor;https://miljoogklima.dk/
Samlel√•n - Ekstra Bladet;https://laan.ekstrabladet.dk/samlelaan/
¬ªK√¶mpe effekt¬´: Nu har Modernas coronavaccine f√•et videnskabens dom - Viden;https://jyllands-posten.dk/nyviden/ECE12666610/kaempe-effekt-nu-har-modernas-coronavaccine-faaet-videnskabens-dom/?ref=eblistermest
Adgang - politiken.dk;https://politiken.dk/laeseavis/?int_source=header&int_medium=internal&int_campaign=subscribe&int_content=eavis
Heunicke: Kontakttallet er 1,0 ‚Äì Ekstra Bladet;https://ekstrabladet.dk/nyheder/samfund/heunicke-kontakttallet-er-10/8420402
https://politikenbillet.dk/?int_source=supermenu&int_medium=internal&int_campaign=subscribe&int_content=billet;https://politikenbillet.dk/?int_source=supermenu&int_medium=internal&int_campaign=subscribe&int_content=billet
Ekstra Bladet - Startside | Facebook;https://www.facebook.com/ekstrabladet
K√∏b abonnement;https://velkommen.jp.dk/abonnement
Forbrugsl√•n - Ekstra Bladet;https://laan.ekstrabladet.dk/forbrugslaan/
Opret annonce;https://massage.side6.dk/Admin/Home/Create
Kultur - politiken.dk;https://politiken.dk/kultur/
Jyllands-Posten;http://jyllands-posten.org/
Underholdning ‚Äì Ekstra Bladet;https://ekstrabladet.dk/underholdning/
Lokalavisen.dk | Regionale og lokale nyheder fra Politikens lokalaviser;https://www.lokalavisen.dk/
Facebook - Log p√• eller tilmeld dig;https://www.facebook.com/
K√∏b abonnement;https://velkommen.jp.dk/abonnement
Basisbank - Ekstra Bladet;https://laan.ekstrabladet.dk/basisbank/
Annonc√©r med Politiken;https://www.politikenannoncer.dk/
Klima - politiken.dk;https://politiken.dk/klima/
Krig & katastrofer ‚Äì Ekstra Bladet;https://ekstrabladet.dk/nyheder/krigogkatastrofer/
DR Nyheder - Startside | Facebook;https://www.facebook.com/DRNyheder/?ref=py_c
Online casino - Find det bedste danske online casino i 2021;https://casino.ekstrabladet.dk/
Bank Norwegian;https://laan.ekstrabladet.dk/redirect/loan/172/#bank-norwegian
 Google Maps ;https://goo.gl/maps/i7gF1xe6ig7TifpD9
Sport - politiken.dk;https://politiken.dk/sport/
Dronningen helt alene ‚Äì Ekstra Bladet;https://ekstrabladet.dk/underholdning/kongelige/danskekongelige/dronningen-helt-alene/8420100
Sexleget√∏j hos Sinful | Nordens St√∏rste Udvalg Af Sexleget√∏j;https://www.sinful.dk/
K√∏b abonnement;https://velkommen.jp.dk/abonnement
L√•nio;https://laan.ekstrabladet.dk/redirect/loan/143301/#laanio
Podcast - politiken.dk;https://politiken.dk/podcast/
ligaer ‚Äì Ekstra Bladet;https://ekstrabladet.dk/sport/ligaer/
Onaniprodukter til m√¶nd | K√¶mpe Udvalg Og Lave Priser | Sinful.dk;https://www.sinful.dk/maend/onani-produkter
B.T. Underholdning - Startside | Facebook;https://www.facebook.com/btunderholdning/?ref=py_c
Mit JP;https://mit.jp.dk/
Finansiering - Ekstra Bladet;https://laan.ekstrabladet.dk/finansiering/
FINANS | Seneste nyheder - Nyt fra erhvervslivet - Nyhedsoverblik;https://finans.dk/
Undervisningsprisen - politiken.dk;https://politiken.dk/indland/uddannelse/undervisningsprisen/
Formel 1 ‚Äì Ekstra Bladet;https://ekstrabladet.dk/sport/formel_1/
Kondomer - K√¶mpe Udvalg af Kondomer - Diskret levering;https://www.sinful.dk/maend/kondomer
Ekstra Bladet - Startside | Facebook;https://www.facebook.com/ekstrabladet/?hc_ref=ARTpqSEEmboVPU7RkciNh7OcqWkVzbjk1zSfy8mp9YZUR5FoaXblydMwK3NbP86C5r4&fref=nf
Mit JP;https://mit.jp.dk/
Minil√•n - Ekstra Bladet;https://laan.ekstrabladet.dk/minilaan/
Monitormedier;https://monitormedier.dk
Forbrug og liv - politiken.dk;https://politiken.dk/forbrugogliv/
Boksning ‚Äì Ekstra Bladet;https://ekstrabladet.dk/sport/anden_sport/boksning/
Bedre Sex - Stort udvalg af sexleget√∏j p√• Sinful.dk;https://www.sinful.dk/maend/bedre-sex
Ekstra Bladet - Startside | Facebook;https://www.facebook.com/ekstrabladet/?hc_ref=ARTpqSEEmboVPU7RkciNh7OcqWkVzbjk1zSfy8mp9YZUR5FoaXblydMwK3NbP86C5r4&fref=nf
Express Bank - Ekstra Bladet;https://laan.ekstrabladet.dk/express-bank/
Erotik - politiken.dk;https://politiken.dk/kultur/Erotik/
Kundecenter\n;https://abonnement.jyllands-posten.dk/kundecenter.aspx
Nyheder ‚Äì Ekstra Bladet;https://ekstrabladet.dk/nyheder/
Bedste Sexleget√∏j til M√¶nd | Stort Udvalg af Bestsellers | Sinful.dk;https://www.sinful.dk/maend/favoritter/bestsellers
Glemt adgangskode | Kan ikke logge p√• | Facebook;https://www.facebook.com/recover/initiate?lwv=110&ars=royal_blue_bar
Forside - Kulturmonitor;https://www.kulturmonitor.dk
Resurs Bank;https://laan.ekstrabladet.dk/redirect/loan/143308/#resurs-bank
Skolemonitor;https://skoleliv.dk/
Nils Thorsens bedste - politiken.dk;https://politiken.dk/podcast/10_af_Thorsens_bedste/
Abonnementsvilk√•r\n;https://abonnement.jyllands-posten.dk/kundecenter/abonnementsvilkaar.aspx
Verdens tungeste barn er d√∏d ‚Äì Ekstra Bladet;https://ekstrabladet.dk/sport/anden_sport/verdens-tungeste-barn-er-doed/8419256
Sexm√∏bler | Danmarks St√∏rste Og L√¶kreste Udvalg Findes Her | Sinful.dk;https://www.sinful.dk/par/sex-moebler
TV 2 NYHEDERNE - Startside | Facebook;https://www.facebook.com/tv2nyhederne/?ref=py_c
Annonc√©r med Jyllands-Posten;http://jpannonce.dk/
Resurs Bank;https://laan.ekstrabladet.dk/redirect/loan/143308/#resurs-bank
 Google Maps ;https://goo.gl/maps/GR7NTt7bU5RsrKTy9
Ferie i Danmark - politiken.dk;https://politiken.dk/rejser/ferieidanmark/
Aftensmad p√• 25 min.: Pasta picante med cherrytomater, kapers og chili - politikenmad.dk;https://politikenmad.dk/opskrifter/aftensmad/art7958916/Pasta-picante-med-cherrytomater-kapers-og-chili?promo_name=mad-artikel&promo_id=pm&promo_creative=mad-artikel&promo_position=Shuffle&utm_campaign=mad-artikel&utm_source=pol&utm_medium=display&utm_content=mad-artikel
Danske kendte ‚Äì Ekstra Bladet;https://ekstrabladet.dk/underholdning/dkkendte/
Fr√¶k underholdning i massevis - K√¶mpe Udvalg;https://www.sinful.dk/par/boeger-spil
Politirapporten - Startside | Facebook;https://www.facebook.com/Politirapport/?ref=py_c
ASOS rabatkoder √¢¬Ü¬í 21% Rabatkode i januar 2021;https://rabatkoder.ekstrabladet.dk/asos-rabatkode
Samlino;https://laan.ekstrabladet.dk/redirect/loan/143356/#samlino
Politiken - Startside | Facebook;https://facebook.com/politiken/
Forbrug og liv - politiken.dk;https://politiken.dk/forbrugogliv/
Forsiden - borneavisen.dk;https://borneavisen.dk/
Intl. kendte ‚Äì Ekstra Bladet;https://ekstrabladet.dk/underholdning/udlandkendte/
Beppy Tampons ‚Äì K√∏b Beppy Comfort tamponer her;https://www.sinful.dk/beppy
TV 2 Livsstil - Startside | Facebook;https://www.facebook.com/tv2dklivsstil/?ref=py_c
Nike rabatkoder √¢¬Ü¬í 10% Rabatkode i januar 2021;https://rabatkoder.ekstrabladet.dk/nike-rabatkode
Kronel√•n;https://laan.ekstrabladet.dk/redirect/loan/2983/#kronelaan
Den engelske virusvariant smitter s√• hurtigt, at den risikerer at l√∏be l√∏bsk - Indland;https://jyllands-posten.dk/indland/ECE12665237/den-engelske-virusvariant-smitter-saa-hurtigt-at-den-risikerer-at-loebe-loebsk/?ref=eblistermest
Viden og Tech analyser - politiken.dk;https://politiken.dk/viden/Viden_og_Tech_analyser/
Nyheder, sport og underholdning;https://www.ekstrabladet.dk
H√•ndbold ‚Äì Ekstra Bladet;https://ekstrabladet.dk/sport/haandbold/
Chakrubs - Unikt, h√•ndlavet krystal sexleget√∏j;https://www.sinful.dk/chakrubs
HM rabatkoder √¢¬Ü¬í 10% Rabatkode i januar 2021;https://rabatkoder.ekstrabladet.dk/hm-rabatkode
L√•nio;https://laan.ekstrabladet.dk/redirect/loan/143301/#laanio
Lokalavisen Norddjurs | Lokale nyheder, sport og kultur fra Norddjurs;https://norddjurs.lokalavisen.dk/
 Regeringen p√• vej med nye coronastramninger: Forsamlingsloft p√• fem og mere afstand i supermarkeder - politiken.dk;https://politiken.dk/indland/art8053728/Regeringen-p%C3%A5-vej-med-nye-coronastramninger-Forsamlingsloft-p%C3%A5-fem-og-mere-afstand-i-supermarkeder?ref=eblistermest
Byrummonitor;https://politikenbyrum.dk/
Sport ‚Äì Ekstra Bladet;https://ekstrabladet.dk/sport/
Fantasy X-tensions - Penis sleeves - K√∏b her!;https://www.sinful.dk/fantasy-x-tensions
L√É¬¶r mere om Ekstra Bladets Rabatkoder;https://rabatkoder.ekstrabladet.dk/om-os
Goloan;https://laan.ekstrabladet.dk/redirect/loan/143344/#goloan
Forside - Politiken Historie;https://politikenhistorie.dk/
Live: Mette Frederiksen indkalder til pressem√∏de - politiken.dk;https://politiken.dk/forbrugogliv/sundhedogmotion/art7916264/Mette-Frederiksen-indkalder-til-pressem%C3%B8de?ref=eblistermest
Uge-Bladet Skanderborg | Lokale nyheder, sport og kultur fra Skanderborg og omegen;https://skanderborg.lokalavisen.dk/
Motorsport ‚Äì Ekstra Bladet;https://ekstrabladet.dk/sport/anden_sport/motorsport/
Glyde - √òkologiske og veganske kondomer;https://www.sinful.dk/glyde
Datapolitik;https://www.facebook.com/privacy/explanation
Ikano Bank - Ekstra Bladet;https://laan.ekstrabladet.dk/ikano-bank/
Annonc√©r med Politiken;https://www.politikenannoncer.dk/
Virksomheder - politiken.dk;https://politiken.dk/oekonomi/virksomheder/
Lokalavisen Aarhus | Lokale nyheder, sport og kultur fra Aarhus;https://aarhus.lokalavisen.dk/
Plus ‚Äì Ekstra Bladet;https://ekstrabladet.dk/plus/
Monogamy - Erotisk Testvindende Br√¶tspil - Billig Pris!;https://www.sinful.dk/monogamy
Politik om cookies;https://www.facebook.com/help/cookies?ref_type=sitefooter
Online casino - Find det bedste danske online casino i 2021;https://casino.ekstrabladet.dk/
Artikler - Ekstra Bladet;https://laan.ekstrabladet.dk/artikler/
Bagsiden - politiken.dk;https://politiken.dk/bagsiden/
Play ‚Äì Ekstra Bladet;https://ekstrabladet.dk/plus/tv/play/
Njoy - Design Sexleget√∏j i St√•l - Officiel Dansk Forhandler!;https://www.sinful.dk/njoy
Ekstra Bladet - Startside | Facebook;https://www.facebook.com/ekstrabladet/?hc_ref=ARRB6h3hkHqHKp5X8L0A2msGEyVSYM7g1pqw2Pils2JFNmJXbrZZrNnlrkM36EiGMg0&fref=nf
Roulette online - regler, bonusser og bedste casinoer til roulette;https://casino.ekstrabladet.dk/roulette/
Om os - Ekstra Bladet;https://laan.ekstrabladet.dk/om-os/
Sinful.dk - Bedre sex med sexleget√∏j - YouTube;https://www.youtube.com/sinfultv
Nyhedsbrev - Politiken Sport - politiken.dk;https://politiken.dk/nyhedsbreve/mine/nyhedsbreve_politiken_sport/
Forsiden - borneavisen.dk;https://borneavisen.dk/
31 nye d√∏dsfald med covid-19 ‚Äì Ekstra Bladet;https://ekstrabladet.dk/nyheder/samfund/31-nye-doedsfald-med-covid-19/8420411
B√¶kkenbundskugler - K√¶mpe udvalg til billigste priser;https://www.sinful.dk/kvinder/baekkenbundskugler
Ekstra Bladet - Startside | Facebook;https://www.facebook.com/ekstrabladet/?ref=nf&hc_ref=ARQZ4sGEE5LAArZqKhJpVD-WIyTlXxJfFQVgsgp4mHfvnYTBF2yia15DyL13PWtHdvc
PlayOJO Anmeldelse og Bonus 2020 - 50 spins uden oms√¶tningskrav;https://casino.ekstrabladet.dk/playojo/
Lendme;https://laan.ekstrabladet.dk/redirect/loan/143209/#lendme
Annonc√©r med Ekstra Bladet;http://salg.ekstrabladet.dk
Plus ‚Äì Ekstra Bladet;https://ekstrabladet.dk/plus/
Pipedream | Sexdukker, Fleshlights og Onaniprodukter | Sinful.dk;https://www.sinful.dk/pipedream
LeoVegas - King of Mobile Casino;https://casino.ekstrabladet.dk/gaatil-leovegas
https://l.facebook.com/l.php?u=https%3A%2F%2Fekstrabladet.dk%2Fnyheder%2Fpolitik%2Fdanskpolitik%2Fmette-f.-indkalder-til-pressemoede%2F8420353&h=AT0k3BDyWJo74oJuMsK_BHlpcth4WOZOpQxghS3gl2isMFZH_71Qj3Vqr9FBjxLuBc6S2A2jvLejiDTv58oin-A_irDnOYxPt2tEgWRE-WqM2jD2ozsruOFecpMygicK-6Ifl4BSgg0F4g6L9zBcVbmzY4lakLPOxzE;https://l.facebook.com/l.php?u=https%3A%2F%2Fekstrabladet.dk%2Fnyheder%2Fpolitik%2Fdanskpolitik%2Fmette-f.-indkalder-til-pressemoede%2F8420353&h=AT0k3BDyWJo74oJuMsK_BHlpcth4WOZOpQxghS3gl2isMFZH_71Qj3Vqr9FBjxLuBc6S2A2jvLejiDTv58oin-A_irDnOYxPt2tEgWRE-WqM2jD2ozsruOFecpMygicK-6Ifl4BSgg0F4g6L9zBcVbmzY4lakLPOxzE
Fotoreportage fra en presset afdeling: Patienter, der sv√¶ver bevidstl√∏st p√• kanten af d√∏den. Kvinder og m√¶nd i god form, der k√¶mper for hvert et √•ndedrag - politiken.dk;https://politiken.dk/fotografier/art8049881/Patienter-der-sv%C3%A6ver-bevidstl%C3%B8st-p%C3%A5-kanten-af-d%C3%B8den.-Kvinder-og-m%C3%A6nd-i-god-form-der-k%C3%A6mper-for-hvert-et-%C3%A5ndedrag?ref=eblistermest
Magasiner ‚Äì Ekstra Bladet;https://ekstrabladet.dk/plus/magasiner/
M√¶ndenes Glidecremer - Afslappende eller stimulerende effekt;https://www.sinful.dk/maend/glidecremer
Ekstra Bladet - F√¶llesskab | Facebook;https://www.facebook.com/ekstrabladet/likes?ref=page_internal
https://l.facebook.com/l.php?u=https%3A%2F%2Fekstrabladet.dk%2Fnyheder%2Fpolitik%2Fdanskpolitik%2Fmette-f.-indkalder-til-pressemoede%2F8420353&h=AT0J-uWKgswxvkN-gtJkMZlaLrCuWmkzLzp26NXtdeXy2hS-DwNO1aefz4PUldCG_sdRalAf7qCeKqY52xIDv9ABm3tyEFz2r18CVJiPjzJDOyG-23aRVnJNn-Ax3KZmhap7GhBDFXZ-Ln2m7nJOpnPt02NpFc6e76q8hVfkkrE;https://l.facebook.com/l.php?u=https%3A%2F%2Fekstrabladet.dk%2Fnyheder%2Fpolitik%2Fdanskpolitik%2Fmette-f.-indkalder-til-pressemoede%2F8420353&h=AT0J-uWKgswxvkN-gtJkMZlaLrCuWmkzLzp26NXtdeXy2hS-DwNO1aefz4PUldCG_sdRalAf7qCeKqY52xIDv9ABm3tyEFz2r18CVJiPjzJDOyG-23aRVnJNn-Ax3KZmhap7GhBDFXZ-Ln2m7nJOpnPt02NpFc6e76q8hVfkkrE
Nyhedsbrev - Politiken Sundhed - politiken.dk;https://politiken.dk/nyhedsbreve/mine/nyhedsbrev_politiken_sundhed/
Nyheder, sport og underholdning;https://www.ekstrabladet.dk
Terror ‚Äì Ekstra Bladet;https://ekstrabladet.dk/nyheder/terror/
Testvindende Sexleget√∏j til M√¶nd | Kun De Bedste Produkter | Sinful.dk;https://www.sinful.dk/maend/favoritter/testvindere-til-maend
SE og H√òR - Startside | Facebook;https://www.facebook.com/seoghoerdk/?ref=py_c
L√•netyper - Ekstra Bladet;https://laan.ekstrabladet.dk/laanetyper/
Vender tilbage til Danmark: Silkeborg henter tidligere Viborg-keeper | Tipsbladet.dk;https://www.tipsbladet.dk/nyhed/superliga/vender-tilbage-til-danmark-silkeborg-henter-tidligere-viborg-keeper?utm_source=eb_link_source&utm_medium=eb_link_medium&utm_campaign=eb_link&eblink=artikel
Politik - politiken.dk;https://politiken.dk/indland/politik/
Nyheder, sport og underholdning;https://www.ekstrabladet.dk
FAQ og support ‚Äì Ekstra Bladet;https://ekstrabladet.dk/plus/faq-og-support/6945489
Sexleget√∏js Bokse - G√∏r det Nemt At Fork√¶le Din Partner;https://www.sinful.dk/par/sinful-sexlegetoej-bokse
Lokalavisen Aarhus - Startside | Facebook;https://www.facebook.com/lokalavisenaarhus/?ref=py_c
L√•n penge - Ekstra Bladet;https://laan.ekstrabladet.dk/
JP/Politikens Hus - Opret konto\n;https://polid.jppol.dk/account/register.aspx?brand=jpabn.live&redir=http://abonnement.jyllands-posten.dk/success?create=true
Debatindl√¶g - politiken.dk;https://politiken.dk/debat/debatindlaeg/
Forsiden - borneavisen.dk;https://borneavisen.dk/
Cykling ‚Äì Ekstra Bladet;https://ekstrabladet.dk/sport/cykling/
Peekaboo - Amerikansk Dance Poles - Officiel Dansk Forhandler!;https://www.sinful.dk/peekaboo
Facebook for Business: Marketing p√• Facebook;https://www.facebook.com/ad_campaign/landing.php?placement=pf_rhc&campaign_id=242449722530626&extra_1=auto
Ikano Bank - Ekstra Bladet;https://laan.ekstrabladet.dk/ikano-bank/
Statsministeriet har indkaldt til pressem√∏de - Indland;https://jyllands-posten.dk/indland/ECE12665642/statsministeriet-har-indkaldt-til-pressemoede/?ref=eblistermest
Trump var ikke et tilf√¶ldigt bump p√• den amerikanske highway - politiken.dk;https://politiken.dk/udland/art7988151/Trump-var-ikke-et-tilf%C3%A6ldigt-bump-p%C3%A5-den-amerikanske-highway
Jyllands-Posten;http://jyllands-posten.org/priser-og-legater.php
Trav ‚Äì Ekstra Bladet;https://ekstrabladet.dk/sport/betting/trav/
Lendo;https://laan.ekstrabladet.dk/redirect/loan/143302/#lendo
Lokalavisen Favrskov | Lokale nyheder, sport og kultur fra Favrskov og omegn;https://favrskov.lokalavisen.dk/
Iran opbringer sydkoreansk skib midt i sp√¶ndinger med USA - politiken.dk;https://politiken.dk/udland/art8053238/Iran-opbringer-sydkoreansk-skib-midt-i-sp%C3%A6ndinger-med-USA
Jyllands-Posten;http://jyllands-posten.org/
Side 9 ‚Äì Ekstra Bladet;https://ekstrabladet.dk/side9/
TV 2 NYHEDERNE - Startside | Facebook;https://www.facebook.com/tv2nyhederne/?ref=py_c
Samlino;https://laan.ekstrabladet.dk/redirect/loan/143356/#samlino
Adresseavisen Syddjurs | Lokale nyheder, sport og kultur fra Syddjurs;https://syddjurs.lokalavisen.dk/
Foto - politiken.dk;https://politiken.dk/fotografier/
Bliv Side 9-pige i Ekstra Bladet ‚Äì Ekstra Bladet;https://ekstrabladet.dk/side9/side9artikler/bliv-side-9-pige-i-ekstra-bladet/4050800
Australian Bodycare - Se det store udvalg her;https://www.sinful.dk/australian-bodycare
Ekstra Bladet - Startside | Facebook;https://www.facebook.com/ekstrabladet/?ref=nf&hc_ref=ARR0fnaLGKmGzB1uQ87RswlsNU52jxwKENTKWl71o_08za4hyJeHXysLYLPbnatbizU
Digifinans.dk;https://laan.ekstrabladet.dk/redirect/loan/143311/#digifinans-dk
Coronavirus - politiken.dk;https://politiken.dk/tag/main/Virusudbrud
Ekstremt farlig bakterie tog livet af NORDJYSKEs chefredakt√∏r: L√¶gerne overs√• alvorlige symptomer | Nordjyske.dk;https://nordjyske.dk/nyheder/gravere/ekstremt-farlig-bakterie-tog-livet-af-soeren-laegerne-oversaa-alvorlige-symptomer/18b966b1-cf69-4205-a634-3e08baa45d79?token=e403a951-1951-4ef8-97f5-551a76d0514f&utm_source=nordjyske.dk%26utm_medium=delingsknap_plus
Samfund ‚Äì Ekstra Bladet;https://ekstrabladet.dk/nyheder/samfund/
Pump Worx Penispumper - Officiel Dansk Forhandler;https://www.sinful.dk/pump-worx
TV 2 NEWS - Startside | Facebook;https://www.facebook.com/tv2news/?ref=py_c
Simbo;https://laan.ekstrabladet.dk/redirect/loan/654/#simbo
Lokalavisen Favrskov | Lokale nyheder, sport og kultur fra Favrskov og omegn;https://favrskov.lokalavisen.dk/
shop - politiken.dk;https://politiken.dk/shop/
Sundhedsmonitor;https://politikensundhed.dk/
Mette F. indkalder til pressem√∏de ‚Äì Ekstra Bladet;https://ekstrabladet.dk/nyheder/politik/danskpolitik/mette-f.-indkalder-til-pressemoede/8420353
Rimba - Sp√¶ndende Kvalitets Sexleget√∏j - Officiel Dansk Forhandler!;https://www.sinful.dk/rimba
Go' morgen Danmark og Go' aften LIVE - Startside | Facebook;https://www.facebook.com/go.tv2.dk/?ref=py_c
Roulette online - regler, bonusser og bedste casinoer til roulette;https://casino.ekstrabladet.dk/roulette/
Bank Norwegian;https://laan.ekstrabladet.dk/redirect/loan/172/#bank-norwegian
Annonc√©r med Politiken;https://www.politikenannoncer.dk/
Vaccinationssteder st√•r tomme: Flere tusinde borgere er ikke blevet indkaldt til vaccination i dag - politiken.dk;https://politiken.dk/forbrugogliv/sundhedogmotion/art8053720/Flere-tusinde-borgere-er-ikke-blevet-indkaldt-til-vaccination-i-dag
Politicile Facebook | Facebook;https://ro-ro.facebook.com/policies?ref=pf
Krimi ‚Äì Ekstra Bladet;https://ekstrabladet.dk/krimi/
Baseks | Sexleget√∏j Til Begyndere I Mange Farver | Sinful.dk;https://www.sinful.dk/baseks
Live casino - Bedste bonusser og casinoer med live casino i 2020;https://casino.ekstrabladet.dk/live-casino/
Resurs Bank;https://laan.ekstrabladet.dk/redirect/loan/143308/#resurs-bank
B√∏ger - politiken.dk;https://politiken.dk/kultur/boger/
nationen ‚Äì Ekstra Bladet;https://ekstrabladet.dk/nationen/
Big Teaze Toys - Sjovt og diskret Sexleget√∏j - K√∏b nu;https://www.sinful.dk/big-teaze-toys
Nyheder24 - Startside | Facebook;https://www.facebook.com/Nyheder24/?ref=py_c
Baccarat online - regler, bonusser og bedste casinoer til baccarat;https://casino.ekstrabladet.dk/baccarat/
https://l.facebook.com/l.php?u=https%3A%2F%2Fekstrabladet.dk%2Fnyheder%2Fsamfund%2Fheunicke-kontakttallet-er-10%2F8420402&h=AT3LOoPcnm70AoyN8hoQCIwl4us9HWR5f4WDwxxWVi-zSxgVJXmGOrDyopzEQde1YoIAOhI15V3UvtzOQxqpMelJCWfmTcPQ6b2HzNg_28LYaHcKgsWpK6HHhrEya2PesgIwm38HGHTHz82vQe3bhX2qM7Le_0PS49Y;https://l.facebook.com/l.php?u=https%3A%2F%2Fekstrabladet.dk%2Fnyheder%2Fsamfund%2Fheunicke-kontakttallet-er-10%2F8420402&h=AT3LOoPcnm70AoyN8hoQCIwl4us9HWR5f4WDwxxWVi-zSxgVJXmGOrDyopzEQde1YoIAOhI15V3UvtzOQxqpMelJCWfmTcPQ6b2HzNg_28LYaHcKgsWpK6HHhrEya2PesgIwm38HGHTHz82vQe3bhX2qM7Le_0PS49Y
Adresseavisen Syddjurs | Lokale nyheder, sport og kultur fra Syddjurs;https://syddjurs.lokalavisen.dk/
Leder - politiken.dk;https://politiken.dk/debat/ledere/
annoncer.jppol.dk;https://annoncer.jppol.dk/
Event & Kultur ‚Äì Ekstra Bladet;https://ekstrabladet.dk/underholdning/kultur/
Sex in the Shower Sexleget√∏j - Officiel Dansk Forhandler;https://www.sinful.dk/sex-in-the-shower
B.T. - Startside | Facebook;https://www.facebook.com/ditbt/?ref=py_c
Spil online p√• danske spilleautomater gratis eller for penge;https://casino.ekstrabladet.dk/spilleautomater/
Nye l√•n - Ekstra Bladet;https://laan.ekstrabladet.dk/nye-laan/
‚ÄéPolitiken e-avisen on the App¬†Store;https://itunes.apple.com/dk/app/politiken-e-avisen/id399592590?int_campaign=e-avisen&int_content=app-store
Som barn fik han bank af drenge af anden etnisk herkomst: Jacob Mark er tr√¶t af ber√∏ringsangste politikere og Frederiksens ordvalg - politiken.dk;https://politiken.dk/indland/art7896521/Jacob-Mark-er-tr%C3%A6t-af-ber%C3%B8ringsangste-politikere-og-Frederiksens-ordvalg
Sundhedsmonitor;https://politikensundhed.dk/
Lederen ‚Äì Ekstra Bladet;https://ekstrabladet.dk/nyheder/lederen/
Sinful Sexleget√∏j ‚Äì Eksklusivt Sexleget√∏j fra Sinful.dk;https://www.sinful.dk/sinful
Free Spins & Gratis Spins i dag | Alle free spins Bonusser i Danmark 2021;https://casino.ekstrabladet.dk/casino-bonus/free-spins/
Snyder banken dig? K√¶mpe forskel p√• prisen - Ekstra Bladet;https://laan.ekstrabladet.dk/snyder-banken-dig-kaempe-forskel-paa-prisen/
Annonc√©r med Politiken;https://www.politikenannoncer.dk/
√òh, aflyste Spice Girl lige hele den britiske festivalsommer p√• direkte radio?  - politiken.dk;https://politiken.dk/kultur/art8053423/%C3%98h-aflyste-Spice-Girl-lige-hele-den-britiske-festivalsommer-p%C3%A5-direkte-radio
Forl√¶nget ans√∏gningsfrist: Vil du v√¶re med til at g√∏re en forskel for den gr√∏nne omstilling og kan du skrive et lovforslag?\n;https://candidate.hr-manager.net/ApplicationInit.aspx?cid=5001&ProjectId=137689&DepartmentId=6148&MediaId=5
Dronningen helt alene ‚Äì Ekstra Bladet;https://ekstrabladet.dk/underholdning/kongelige/danskekongelige/dronningen-helt-alene/8420100
Bodyfun - Stort udvalg af l√¶kre glidecremer;https://www.sinful.dk/bodyfun
Politinyheder - Startside | Facebook;https://www.facebook.com/POLITINYHEDER/?ref=py_c
Baccarat online - regler, bonusser og bedste casinoer til baccarat;https://casino.ekstrabladet.dk/baccarat/
L√•neudbydere - Ekstra Bladet;https://laan.ekstrabladet.dk/laaneudbydere/
Historie - politiken.dk;https://politiken.dk/kultur/historie/
ROFUS - Register Over Frivilligt Udelukkede Spillere;https://www.rofus.nu/
Kys & k√¶rlighed ‚Äì Ekstra Bladet;https://ekstrabladet.dk/sex_og_samliv/kys-og-kaerlighed/
CB Chastity Devices - K√∏b Kyskhedsb√¶lter og Penisbure;https://www.sinful.dk/cb-chastity-devices
Ekstra Bladet har de bedste rabatkoder til dig!;https://rabatkoder.ekstrabladet.dk/
L√•n penge - Ekstra Bladet;https://laan.ekstrabladet.dk/
Nyheder 24 timer i d√∏gnet - seneste nyt - jp - jyllands-posten.dk;http://jyllands-posten.dk/service/policy/
 Regeringen p√• vej med nye coronastramninger: Forsamlingsloft p√• fem og mere afstand i supermarkeder - politiken.dk;https://politiken.dk/indland/art8053728/Regeringen-p%C3%A5-vej-med-nye-coronastramninger-Forsamlingsloft-p%C3%A5-fem-og-mere-afstand-i-supermarkeder
kampe ‚Äì Ekstra Bladet;https://ekstrabladet.dk/sport/kampe/
Crave - Eksklusivt Sexleget√∏j Til Kvinder - K√∏b det her;https://www.sinful.dk/crave
Facebook;https://www.facebook.com/legal/terms/information_about_page_insights_data
Royal Casino Anmeldelse og Bonus 2020 - 100% op til 750 kr og 100 Chancer;https://casino.ekstrabladet.dk/royal-casino/
Cookiedeklaration - Ekstra Bladet;https://laan.ekstrabladet.dk/om-os/cookiedeklaration/
Nyheder 24 timer i d√∏gnet - seneste nyt - jp - jyllands-posten.dk;http://jyllands-posten.dk/service/policy/
Danmark - politiken.dk;https://politiken.dk/indland/
StopSpillet - r√•dgivning om spilafh√¶ngighed;https://www.stopspillet.dk/
massageescort ‚Äì Ekstra Bladet;https://ekstrabladet.dk/massageescort/
Skins - Popul√¶re Kvalitets Kondomer - Billig Fragt!;https://www.sinful.dk/skins
Politi - Startside | Facebook;https://www.facebook.com/politi/?ref=py_c
Privatlivspolitik | Ekstra Bladet Rabatkoder;https://rabatkoder.ekstrabladet.dk/privatlivspolitik
Digifinans.dk;https://laan.ekstrabladet.dk/redirect/loan/143311/#digifinans-dk
FINANS | Seneste nyheder - Nyt fra erhvervslivet - Nyhedsoverblik;https://finans.dk/
Madsen & Magten - politiken.dk;https://politiken.dk/podcast/madsen_og_magten/
Forsiden - borneavisen.dk;https://borneavisen.dk/
31 nye d√∏dsfald med covid-19 ‚Äì Ekstra Bladet;https://ekstrabladet.dk/nyheder/samfund/31-nye-doedsfald-med-covid-19/8420411
Dona - Forf√∏rende olier og lys - K√∏b her;https://www.sinful.dk/dona
SE og H√òR - Startside | Facebook;https://www.facebook.com/seoghoerdk/?ref=py_c
Free Spins & Gratis Spins i dag | Alle free spins Bonusser i Danmark 2021;https://casino.ekstrabladet.dk/casino-bonus/free-spins/
Annafinans CPL;https://laan.ekstrabladet.dk/redirect/loan/143331/#annafinans-cpl
Politiken - Startside | Facebook;https://facebook.com/politiken/
Stine Geisler - politiken.dk;https://politiken.dk/podcast/Stine_Geisler/
Lokalavisen Aarhus | Lokale nyheder, sport og kultur fra Aarhus;https://aarhus.lokalavisen.dk/
2. division ‚Äì Ekstra Bladet;https://ekstrabladet.dk/sport/fodbold/dansk_fodbold/anden-division/
Tickler - Unikke Vibratorer fra det svenske m√¶rket Tickler;https://www.sinful.dk/tickler
Book of dead;https://casino.ekstrabladet.dk/gaatil-karamba
Samlino;https://laan.ekstrabladet.dk/redirect/loan/143356/#samlino
JP/Politikens Hus - Log ind\n;https://polid.jppol.dk/login.aspx?brand=jpabn.live&redir=http://abonnement.jyllands-posten.dk/login
Ishockey - politiken.dk;https://politiken.dk/sport/ishockey/
Zasady Facebooka | Facebook;https://pl-pl.facebook.com/policies?ref=pf
M√•nedens Side 9-pige ‚Äì Ekstra Bladet;https://ekstrabladet.dk/side9/maanedens/
TV 2 - Startside | Facebook;https://www.facebook.com/tv2.danmark/?ref=py_c
Online Casino | F√• 30 REALSPIN straks | 888casino;https://casino.ekstrabladet.dk/gaatil-888casino
Ferratum Kredit;https://laan.ekstrabladet.dk/redirect/loan/200/#ferratum-kredit
Lokalavisen Norddjurs | Lokale nyheder, sport og kultur fra Norddjurs;https://norddjurs.lokalavisen.dk/
Politi jagtede vanvidsbilist med 250 kilometer i timen - politiken.dk;https://politiken.dk/indland/art8053941/Politi-jagtede-vanvidsbilist-med-250-kilometer-i-timen
Anden sport ‚Äì Ekstra Bladet;https://ekstrabladet.dk/sport/anden_sport/
Fleshjack - Verdenskendt onaniprodukt til homoseksuelle m√¶nd;https://www.sinful.dk/fleshjack
Dagens.dk - Startside | Facebook;https://www.facebook.com/dagens.dk/?ref=py_c
LeoVegas - King of Mobile Casino;https://casino.ekstrabladet.dk/gaatil-leovegas
Efter ny lov: S√• billigt kan du l√•ne penge - Ekstra Bladet;https://laan.ekstrabladet.dk/efter-ny-lov-saa-billigt-kan-du-laane-penge/
Debat - politiken.dk;https://politiken.dk/debat/
Uge-Bladet Skanderborg | Lokale nyheder, sport og kultur fra Skanderborg og omegen;https://skanderborg.lokalavisen.dk/
Nyheder ‚Äì Ekstra Bladet;https://ekstrabladet.dk/nyheder/
Laid - Norsk Design Sexleget√∏j - Officiel Dansk Forhandler;https://www.sinful.dk/laid
Ekstra Bladet - Startside | Facebook;https://www.facebook.com/ekstrabladet/?hc_ref=ARRB6h3hkHqHKp5X8L0A2msGEyVSYM7g1pqw2Pils2JFNmJXbrZZrNnlrkM36EiGMg0&fref=nf
Jyllands-Posten abonnement;https://velkommen.jp.dk/abonnement/erhverv
Bankl√•n - Ekstra Bladet;https://laan.ekstrabladet.dk/banklaan/
Forside - Politiken Historie;https://politikenhistorie.dk/
 Tager OB-tr√¶neren mon sit gode t√∏j og siger op, n√•r han reelt lige er blevet fyret?  - politiken.dk;https://politiken.dk/sport/art8053169/Tager-OB-tr%C3%A6neren-mon-sit-gode-t%C3%B8j-og-siger-op-n%C3%A5r-han-reelt-lige-er-blevet-fyret
NORDJYSKEs sportsjournalist S√∏ren Olsson er d√∏d | Nordjyske.dk;https://nordjyske.dk/nyheder/nordjylland/nordjyskes-sportsjournalist-soeren-olsson-er-doed/f07134ae-5078-4689-9129-a7f81645afdd
Dronningen helt alene ‚Äì Ekstra Bladet;https://ekstrabladet.dk/underholdning/kongelige/danskekongelige/dronningen-helt-alene/8420100
Kontakt Sinful - vi er klar til at hj√¶lpe;https://www.sinful.dk/kontakt-os
Ekstra Bladet - F√¶llesskab | Facebook;https://www.facebook.com/ekstrabladet/likes
Online casino 2020 | Spil hos den prisvindende Mr Green üèÜ;https://casino.ekstrabladet.dk/gaatil-mrgreen
SMS l√•n - Ekstra Bladet;https://laan.ekstrabladet.dk/sms-laan/
 Google Maps ;https://goo.gl/maps/i7gF1xe6ig7TifpD9
 Regeringen p√• vej med nye coronastramninger: Forsamlingsloft p√• fem og mere afstand i supermarkeder - politiken.dk;https://politiken.dk/indland/art8053728/Regeringen-p%C3%A5-vej-med-nye-coronastramninger-Forsamlingsloft-p%C3%A5-fem-og-mere-afstand-i-supermarkeder
Forside - Magasinet Politiken MAD;https://politikenmad.dk/
Bekr√¶fter: Vi er k√¶rester ‚Äì Ekstra Bladet;https://ekstrabladet.dk/underholdning/dkkendte/bekraefter-vi-er-kaerester/8420312
Le Frivole | Sexet Lingeri Til Kvinder | Sinful.dk;https://www.sinful.dk/le-frivole
Dansk 777 - Casino Girls;https://casino.ekstrabladet.dk/gaatil-dansk777-terms
Express Bank - Ekstra Bladet;https://laan.ekstrabladet.dk/express-bank/
Politiken - Startside | Facebook;https://facebook.com/politiken/
iBYEN - politiken.dk;https://politiken.dk/ibyen/
Jyllands-Posten;http://jyllands-posten.org/priser-og-legater.php
Nu fort√¶ller han sandheden om Mr. Bean ‚Äì Ekstra Bladet;https://ekstrabladet.dk/underholdning/filmogtv/nu-fortaeller-han-sandheden-om-mr.-bean/8420008
Magic Silk Lingeri | Sexet Undert√∏j i H√∏j Kvalitet | Sinful.dk;https://www.sinful.dk/magic-silk
Jyllands-Posten abonnement;https://velkommen.jp.dk/abonnement/erhverv
Letfinans;https://laan.ekstrabladet.dk/redirect/loan/143385/#letfinans
R√®glements de Facebook | Facebook;https://fr-fr.facebook.com/policies?ref=pf
Pol√≠ticas do Facebook | Facebook;https://pt-br.facebook.com/policies?ref=pf
Kultur - politiken.dk;https://politiken.dk/kultur/
RSS-feeds fra Ekstra Bladet ‚Äì Ekstra Bladet;https://ekstrabladet.dk/services/article1905456.ece
Sexleget√∏j til m√¶nd - K√¶mpe udvalg til billigste priser;https://www.sinful.dk/maend
Hvordan kan jeg tilpasse m√•den, hvorp√• annoncer p√• Facebook vises til mig baseret p√• data om min aktivitet fra partnere? | Facebooks Hj√¶lp;https://www.facebook.com/help/568137493302217
Unibet Casino Bonus;https://casino.ekstrabladet.dk/gaatil-unibet
L√•nLet - Ekstra Bladet;https://laan.ekstrabladet.dk/laanlet/
Klima - politiken.dk;https://politiken.dk/klima/
1849 ‚Äì Ekstra Bladet;https://ekstrabladet.dk/nationen/1849/
Penisring - K√¶mpe Udvalg af Penisringe Til Lave Priser;https://www.sinful.dk/maend/penis-ringe
Jyllands-Posten - Startside | Facebook;https://www.facebook.com/jyllandsposten
Unibet Anmeldelse og Bonus 2020 - 100% op til 1000 kr og 100 free spins;https://casino.ekstrabladet.dk/unibet/
Letfinans;https://laan.ekstrabladet.dk/redirect/loan/143385/#letfinans
√ân af Danmarks hurtigst voksende virksomheder - Sinful;https://job.sinful.dk
Adgang - politiken.dk;https://politiken.dk/eavisapp/
Forsiden - borneavisen.dk;https://borneavisen.dk/
Forsamlingsforbud strammes ‚Äì Ekstra Bladet;https://ekstrabladet.dk/nyheder/politik/danskpolitik/forsamlingsforbud-strammes/8420192
Music Legs - Pirrende fr√¶kt lingeri. Stort udvalg.;https://www.sinful.dk/music-legs
Politiken - Startside | Facebook;https://www.facebook.com/politiken/
Lendme;https://laan.ekstrabladet.dk/redirect/loan/143209/#lendme
K√∏benhavn - politiken.dk;https://politiken.dk/indland/kobenhavn/
Forside - Magasinet Politiken MAD;https://politikenmad.dk/
Gl√¶der mig til Vulva-Vibeke sendes p√• DR ‚Äì Ekstra Bladet;https://ekstrabladet.dk/opinionen/majbrittmarialundgaard/glaeder-mig-til-vulva-vibeke-sendes-paa-dr/8420199
Protex Kondomer - Testvindere - Billig og Hurtig Fragt - Sinful;https://www.sinful.dk/protex
Facebook;http://www.facebook.com/sinful.dk
Lucky Niki anmeldelse og bonus 2020 - 100% op til 500 kr - F√• bonussen i dag!;https://casino.ekstrabladet.dk/lucky-niki/
Cookiedeklaration - Ekstra Bladet;https://laan.ekstrabladet.dk/om-os/cookiedeklaration/
Annonc√©r med Politiken;https://www.politikenannoncer.dk/
Nyhedsbrev - Politiken Morgen - politiken.dk;https://politiken.dk/nyhedsbreve/mine/nyhedsbreve_politiken_morgen/
Lokalavisen Aarhus | Lokale nyheder, sport og kultur fra Aarhus;https://aarhus.lokalavisen.dk/
Forbrug ‚Äì Ekstra Bladet;https://ekstrabladet.dk/forbrug/
Kondomer - K√¶mpe Udvalg af Kondomer - Diskret levering;https://www.sinful.dk/maend/kondomer
Basisbank - Ekstra Bladet;https://laan.ekstrabladet.dk/basisbank/
Monitormedier;https://monitormedier.dk
Leder - politiken.dk;https://politiken.dk/debat/ledere/
Platform Policy - Facebook for Developers;https://developers.facebook.com/policy/credits
Bekr√¶fter: Vi er k√¶rester ‚Äì Ekstra Bladet;https://ekstrabladet.dk/underholdning/dkkendte/bekraefter-vi-er-kaerester/8420312
Strap On | Stort Udvalg & Lave Priser | K√∏b Online;https://www.sinful.dk/par/strap-on
De 20 bedste tilbud og rabatkoder hos Ekstra Bladet.;https://rabatkoder.ekstrabladet.dk/top20
Resurs Bank - Ekstra Bladet;https://laan.ekstrabladet.dk/resurs-bank/
‚ÄéPolitiken e-avisen on the App¬†Store;https://itunes.apple.com/dk/app/politiken-e-avisen/id399592590?int_campaign=e-avisen&int_content=app-store
Nyhedsbrev - Politiken MAD;https://politiken.dk/nyhedsbreve/mine/nyhedsbreve_politiken_mad/
Pol√≠ticas de Facebook | Facebook;https://es-la.facebook.com/policies?ref=pf
Wilbek overvejer post som n√¶stformand i Venstre ‚Äì Ekstra Bladet;https://ekstrabladet.dk/nyheder/politik/danskpolitik/wilbek-overvejer-post-som-naestformand-i-venstre/8420156
Stoys Sexleget√∏j - Officiel Dansk Forhandler!;https://www.sinful.dk/stoys
Berlingske - Startside | Facebook;https://www.facebook.com/berlingske/?ref=py_c
Rettigheder som l√•ntager - Ekstra Bladet;https://laan.ekstrabladet.dk/om-os/rettigheder-som-lantager/
iBYEN - politiken.dk;https://politiken.dk/ibyen/
Log ind med Medielogin - Politiken;https://medielogin.dk/politiken/login
Horoskoper ‚Äì Ekstra Bladet;https://ekstrabladet.dk/horoskoper/
Kinky Hovedaccessories | Sexleget√∏j til Fr√¶kke Sanselege | Sinful.dk;https://www.sinful.dk/fetish/blindfolds-masker-og-gags
EU Casino anmeldelse og bonus 2020 - 100% op til 500 kr - F√• bonussen i dag!;https://casino.ekstrabladet.dk/eu-casino/
Bank Norwegian;https://laan.ekstrabladet.dk/redirect/loan/172/#bank-norwegian
Hvad er der sket med Kinas mest kendte forretningsmand Jack Ma? Har ikke vist sig i over to m√•neder - politiken.dk;https://politiken.dk/udland/art8053290/Har-ikke-vist-sig-i-over-to-m%C3%A5neder
Forside - Magasinet Politiken MAD;https://politikenmad.dk/
Mystisk rocker-party: Fire sigtet for drab p√• kronvidne ‚Äì Ekstra Bladet;https://ekstrabladet.dk/krimi/mystisk-rocker-party-fire-sigtet-for-drab-paa-kronvidne/8419485
Swede - Glidecremer og Massageolier fra Sverige;https://www.sinful.dk/swede
Politirapporten - Startside | Facebook;https://www.facebook.com/Politirapport/?ref=py_c
Annafinans CPL;https://laan.ekstrabladet.dk/redirect/loan/143331/#annafinans-cpl
Annonc√©r med Politiken;https://www.politikenannoncer.dk/
Internationalt - politiken.dk;https://politiken.dk/udland/
Kundecenter\n;https://abonnement.jyllands-posten.dk/kundecenter.aspx
Underholdning ‚Äì Ekstra Bladet;https://ekstrabladet.dk/underholdning/
Trinity Vibes - Eksperiment√©r med nyt sexleget√∏j;https://www.sinful.dk/trinity-vibes
Firmainformation;https://rabatkoder.ekstrabladet.dk/firmainformation
L√•nio;https://laan.ekstrabladet.dk/redirect/loan/143301/#laanio
Kultur - politiken.dk;https://politiken.dk/kultur/
Politiet k√¶mpede med at indhente fuld vanvidsbilist ‚Äì Ekstra Bladet;https://ekstrabladet.dk/biler/politiet-kaempede-med-at-indhente-fuld-vanvidsbilist/8420374
Vixen Creations - Premium sexleget√∏j i h√∏j kvalitet;https://www.sinful.dk/vixen-creations
Simbo;https://laan.ekstrabladet.dk/redirect/loan/654/#simbo
Opret annonce;https://massage.side6.dk/Admin/Home/Create
Film og tv - politiken.dk;https://politiken.dk/kultur/film_og_tv/
Byrummonitor;https://politikenbyrum.dk/
Tennis ‚Äì Ekstra Bladet;https://ekstrabladet.dk/sport/anden_sport/tennis/
We-Vibe - K√∏b den Verdenskendte Par Vibrator hos Sinful.dk;https://www.sinful.dk/we-vibe
TV 2 Livsstil - Startside | Facebook;https://www.facebook.com/tv2dklivsstil/?ref=py_c
L√•neudbydere - Ekstra Bladet;https://laan.ekstrabladet.dk/laaneudbydere/
Advertise with Politiken;https://www.politikenannoncer.dk/
Internationalt - politiken.dk;https://politiken.dk/udland/
Register reclamation;https://manglendelevering.jppol.dk/Reclamation/Register
Tea skabte dansk Netflix-serie: ‚ÄùSkal man lyve, skal det v√¶re s√• t√¶t p√• sandheden som muligt" ‚Äì Ekstra Bladet;https://ekstrabladet.dk/forbrug/forbrug/tea-skabte-dansk-netflix-serie-skal-man-lyve-skal-det-vaere-saa-taet-paa-sandheden-som-muligt/8406775
Sexmaskiner og Sexm√∏bler - Stort udvalg p√• Sinful.dk;https://www.sinful.dk/fetish/sexmaskiner-og-moebler
Luna Casino Anmeldelse og Bonus 2020 - 100% op til 500 kr;https://casino.ekstrabladet.dk/luna-casino/
http://l.facebook.com/l.php?u=http%3A%2F%2Fekstrabladet.dk%2F&h=AT0hkzm31_XdXYceOOSqXsrBjnmM2Uw0wQBFGiTd6NRXDmezx4sw6kDpuFeREgubU57OVmYDLm_wGLSlltdqDg6MgEBSZ2nibHOT2EWJyN-Q1kY6c9AzcVD2QbgsyGjKVkqrUr1cPZP2lT81;http://l.facebook.com/l.php?u=http%3A%2F%2Fekstrabladet.dk%2F&h=AT0hkzm31_XdXYceOOSqXsrBjnmM2Uw0wQBFGiTd6NRXDmezx4sw6kDpuFeREgubU57OVmYDLm_wGLSlltdqDg6MgEBSZ2nibHOT2EWJyN-Q1kY6c9AzcVD2QbgsyGjKVkqrUr1cPZP2lT81
Skolemonitor;https://skoleliv.dk/
Mad - politiken.dk;https://politiken.dk/mad/
Uge-Bladet Skanderborg | Lokale nyheder, sport og kultur fra Skanderborg og omegen;https://skanderborg.lokalavisen.dk/
Tea skabte dansk Netflix-serie: ‚ÄùSkal man lyve, skal det v√¶re s√• t√¶t p√• sandheden som muligt" ‚Äì Ekstra Bladet;https://ekstrabladet.dk/forbrug/forbrug/tea-skabte-dansk-netflix-serie-skal-man-lyve-skal-det-vaere-saa-taet-paa-sandheden-som-muligt/8406775
Kyskheds sexleget√∏j - Find det p√• Sinful.dk;https://www.sinful.dk/fetish/kyskheds-sexlegetoej
B.T. Underholdning - Startside | Facebook;https://www.facebook.com/btunderholdning/?ref=py_c
Ekstra Bladet har de bedste rabatkoder til dig!;https://rabatkoder.ekstrabladet.dk
http://l.facebook.com/l.php?u=http%3A%2F%2Fekstrabladet.dk%2F&h=AT2MYDyovLg2V28zBMLF1Aooa7C-uqJJvco0qH0zx5YIElDY2iAA_-mFNg1-bCdG0wnU6SGcJwaxzcPIpA_lNPYWGA_KjA3F1tAxOpLQNKK0drhu1dhn9RC6ZG29cEMGp3nkUny4v6-uZBmclgI;http://l.facebook.com/l.php?u=http%3A%2F%2Fekstrabladet.dk%2F&h=AT2MYDyovLg2V28zBMLF1Aooa7C-uqJJvco0qH0zx5YIElDY2iAA_-mFNg1-bCdG0wnU6SGcJwaxzcPIpA_lNPYWGA_KjA3F1tAxOpLQNKK0drhu1dhn9RC6ZG29cEMGp3nkUny4v6-uZBmclgI
Dokumentation: H√∏r et uddrag af Trumps afsl√∏rende samtale - politiken.dk;https://politiken.dk/udland/art8052658/Dokumentation-H%C3%B8r-et-uddrag-af-Trumps-afsl%C3%B8rende-samtale
Sex & samliv ‚Äì Ekstra Bladet;https://ekstrabladet.dk/sex_og_samliv/
Fun Factory Sexleget√∏j - Officiel Dansk Forhandler;https://www.sinful.dk/fun-factory
Dagens.dk - Startside | Facebook;https://www.facebook.com/dagens.dk/?ref=py_c
https://l.facebook.com/l.php?u=https%3A%2F%2Fekstrabladet.dk%2Fnyheder%2Fsamfund%2Fheunicke-kontakttallet-er-10%2F8420402&h=AT3hE3UZXqkaOKnio4Hgt6HyliCxKLppx0X-MvvJlg7-lMSMZT1Rq1hKEh6zBiYApFL3yzWR3s6spdMhGdi-F4YgVy1R9HoFUWpbHlqwELqcgxID99fEJsO3zEMp_KJHFkfGOKrZy4lR6bwzNPjtRaraHuAAfjy889GCd2WP5GNWfQBm;https://l.facebook.com/l.php?u=https%3A%2F%2Fekstrabladet.dk%2Fnyheder%2Fsamfund%2Fheunicke-kontakttallet-er-10%2F8420402&h=AT3hE3UZXqkaOKnio4Hgt6HyliCxKLppx0X-MvvJlg7-lMSMZT1Rq1hKEh6zBiYApFL3yzWR3s6spdMhGdi-F4YgVy1R9HoFUWpbHlqwELqcgxID99fEJsO3zEMp_KJHFkfGOKrZy4lR6bwzNPjtRaraHuAAfjy889GCd2WP5GNWfQBm
Politikens Poptill√¶g - politiken.dk;https://politiken.dk/podcast/politikens_poptillaeg/
Hoteldirekt√∏r om borgmester-brev: - Voldsomt bl√¶st op ‚Äì Ekstra Bladet;https://ekstrabladet.dk/nyheder/samfund/hoteldirektoer-om-borgmester-brev-voldsomt-blaest-op/8419585
Willie City | Realistiske dildoer til kvinder | Sinful.dk;https://www.sinful.dk/willie-city
Go' morgen Danmark og Go' aften LIVE - F√¶llesskab | Facebook;https://www.facebook.com/go.tv2.dk/likes?ref=page_internal
Mr Green Anmeldelse og Bonus 2020 - 100% op til 1000 kr og 50 free spins;https://casino.ekstrabladet.dk/mr-green/
Bank Norwegian - Ekstra Bladet;https://laan.ekstrabladet.dk/bank-norwegian/
 Tager OB-tr√¶neren mon sit gode t√∏j og siger op, n√•r han reelt lige er blevet fyret?  - politiken.dk;https://politiken.dk/sport/art8053169/Tager-OB-tr%C3%A6neren-mon-sit-gode-t%C3%B8j-og-siger-op-n%C3%A5r-han-reelt-lige-er-blevet-fyret
Facebook - Inicia sesi√≥n o reg√≠strate;https://es-la.facebook.com/
Side 9 ‚Äì Ekstra Bladet;https://ekstrabladet.dk/side9/
Womanizer - Officiel Dansk Forhandler;https://www.sinful.dk/womanizer
Nyheder24 - Startside | Facebook;https://www.facebook.com/Nyheder24/?ref=py_c
Live casino - Bedste bonusser og casinoer med live casino i 2020;https://casino.ekstrabladet.dk/live-casino/
https://l.facebook.com/l.php?u=https%3A%2F%2Fekstrabladet.dk%2Fnyheder%2Fpolitik%2Fdanskpolitik%2Fmette-f.-indkalder-til-pressemoede%2F8420353&h=AT36mOH4Hvoa29Kij0jg6VAi3mD8sVpr2JX3GqJHKnyTRVDZa44-kholaQFhktt12qhwzb1zCRGTt4q3VvmQ-RTU-9fA2lTBxnBC0Nm52_raIN-gI03U5-EVnuAFuAegnP65cKy-T7VAlenC8jF2adn-SQULb4voZbo;https://l.facebook.com/l.php?u=https%3A%2F%2Fekstrabladet.dk%2Fnyheder%2Fpolitik%2Fdanskpolitik%2Fmette-f.-indkalder-til-pressemoede%2F8420353&h=AT36mOH4Hvoa29Kij0jg6VAi3mD8sVpr2JX3GqJHKnyTRVDZa44-kholaQFhktt12qhwzb1zCRGTt4q3VvmQ-RTU-9fA2lTBxnBC0Nm52_raIN-gI03U5-EVnuAFuAegnP65cKy-T7VAlenC8jF2adn-SQULb4voZbo
Nyheder 24 timer i d√∏gnet - seneste nyt - jp - jyllands-posten.dk;http://jyllands-posten.dk
Annonc√©r med Ekstra Bladet;http://salg.ekstrabladet.dk
Trump f√∏r valggyser: - K√¶mp som bare fanden! ‚Äì Ekstra Bladet;https://ekstrabladet.dk/nyheder/politik/trump-foer-valggyser-kaempe-som-bare-fanden/8419964
Arcwave Ion Masturbator | Sinful.dk;https://www.sinful.dk/arcwave-ion-masturbator
Poker online 2020 - Find de bedste online poker spillesider;https://casino.ekstrabladet.dk/poker-online/
Resurs Bank - Ekstra Bladet;https://laan.ekstrabladet.dk/resurs-bank/
Min energi er et andet sted - politiken.dk;https://politiken.dk/podcast/Min_energi_er_et_andet_sted/
Brands - Ocast;https://ocast.com/da-dk/brands/jyllands-posten-498
CORONA-LIVE: H√¶ver risikoniveauet ‚Äì Ekstra Bladet;https://ekstrabladet.dk/nyheder/samfund/article8419976.ece
Womanizer Premium Klitoris Stimulator | Sinful.dk;https://www.sinful.dk/womanizer-premium-klitoris-stimulator
Kontakt - casino.ekstrabladet.dk;https://casino.ekstrabladet.dk/kontakt/
Goloan;https://laan.ekstrabladet.dk/redirect/loan/143344/#goloan
Annonc√©r med Politiken;https://www.politikenannoncer.dk/
Foto - politiken.dk;https://politiken.dk/fotografier/
Ocast - Medie kit v√¶rkt√∏j for udgivere/forlag og influencere;https://ocast.com
Anmeldelser ‚Äì Ekstra Bladet;https://ekstrabladet.dk/underholdning/anmeldelser/
Kvindernes Glidecremer - K√¶mpe Udvalg Til Lave Priser - Sinful.dk;https://www.sinful.dk/kvinder/glidecremer
Kontakt - casino.ekstrabladet.dk;https://casino.ekstrabladet.dk/kontakt/
Lendo;https://laan.ekstrabladet.dk/redirect/loan/143302/#lendo
Donutmodellen - politiken.dk;https://politiken.dk/podcast/donutmodellen/
NORDJYSKEs sportsjournalist S√∏ren Olsson er d√∏d | Nordjyske.dk;https://nordjyske.dk/nyheder/nordjylland/nordjyskes-sportsjournalist-soeren-olsson-er-doed/f07134ae-5078-4689-9129-a7f81645afdd
Videnskab ‚Äì Ekstra Bladet;https://ekstrabladet.dk/nyheder/videnskab/
Fleshlight Quickshot Launch | Sinful.dk;https://www.sinful.dk/fleshlight-quickshot-launch
Casino Bonus - Find den bedste velkomstbonus for danske online casinoer;https://casino.ekstrabladet.dk/casino-bonus/
Matchbanker;https://laan.ekstrabladet.dk/redirect/loan/7543/#matchbanker
Mange√•rig Superliga-spiller stopper p√• topplan | Tipsbladet.dk;https://www.tipsbladet.dk/nyhed/superliga/mangeaarig-superliga-spiller-stopper-paa-topplan?utm_source=eb_link_source&utm_medium=eb_link_medium&utm_campaign=eb_link&eblink=artikel
Min k√¶rlighedshistorie - politiken.dk;https://politiken.dk/podcast/min_kaerlighedshistorie/
Side 9 artikler ‚Äì Ekstra Bladet;https://ekstrabladet.dk/side9/side9artikler/
Obaie Imiteret L√¶der Hogtie med Manchetter | Sinful.dk;https://www.sinful.dk/obaie-imiteret-laeder-hogtie-med-manchetter
Linse Kessler - Startside | Facebook;https://www.facebook.com/linsekesslerofficiel/
K√∏b abonnement;https://velkommen.jp.dk/abonnement
Letfinans;https://laan.ekstrabladet.dk/redirect/loan/143385/#letfinans
 Lille danskerklub har mistet sin 'Messi', men imponerer atter stort f√∏r k√¶mpekamp mod H√∏jbjerg - politiken.dk;https://politiken.dk/sport/fodbold/art8052639/Lille-danskerklub-har-mistet-sin-Messi-men-imponerer-atter-stort-f%C3%B8r-k%C3%A6mpekamp-mod-H%C3%B8jbjerg
Verden p√• vrangen ‚Äì Ekstra Bladet;https://ekstrabladet.dk/vrangen/
Platform Terms - Facebook for Developers;https://developers.facebook.com/policy/
Kundeservice hos Sinful.dk;https://www.sinful.dk/kundeservice
Matchbanker;https://laan.ekstrabladet.dk/redirect/loan/7543/#matchbanker
Nyheder 24 timer i d√∏gnet - seneste nyt - jp - jyllands-posten.dk;http://jyllands-posten.dk/service/policy/
Bogen der √¶ndrede mit liv - politiken.dk;https://politiken.dk/podcast/Bogen_der__ndrede_mit_liv/
Sexperterne ‚Äì Ekstra Bladet;https://ekstrabladet.dk/sex_og_samliv/sexperterne/
Jyllands-Posten;http://jyllands-posten.org/priser-og-legater.php
Testvindende sexleget√∏j til kvinder | Se det store udvalg | Sinful.dk;https://www.sinful.dk/kvinder/favoritter/testvindere
Kontakt vores team;https://rabatkoder.ekstrabladet.dk/kontakt
Ferratum Kredit;https://laan.ekstrabladet.dk/redirect/loan/200/#ferratum-kredit
Lokalavisen Norddjurs | Lokale nyheder, sport og kultur fra Norddjurs;https://norddjurs.lokalavisen.dk/
Alt er nu - politiken.dk;https://politiken.dk/podcast/alternu/
Verdens tungeste barn er d√∏d ‚Äì Ekstra Bladet;https://ekstrabladet.dk/sport/anden_sport/verdens-tungeste-barn-er-doed/8419256
ÿ≥Ÿäÿßÿ≥ÿßÿ™ ŸÅŸäÿ≥ÿ®ŸàŸÉ | ŸÅŸäÿ≥ÿ®ŸàŸÉ;https://ar-ar.facebook.com/policies?ref=pf
Testvindende Sexleget√∏j - K√∏b bedst i test sexleget√∏j online;https://www.sinful.dk/sexlegetoej/favoritter/testvinder-sexlegetoej
Kn√¶k Cancer - Startside | Facebook;https://www.facebook.com/KnaekCancer/?ref=py_c
Book of dead;https://casino.ekstrabladet.dk/gaatil-karamba
Kronel√•n;https://laan.ekstrabladet.dk/redirect/loan/2983/#kronelaan
Nyheder 24 timer i d√∏gnet - seneste nyt - jp - jyllands-posten.dk;https://jyllands-posten.dk/service/rss/
Sol og strand - politiken.dk;https://politiken.dk/rejser/sologstrand/
Film, tv & radio ‚Äì Ekstra Bladet;https://ekstrabladet.dk/underholdning/filmogtv/
Anal Sexleget√∏j til kvinder - Altid Diskret Levering;https://www.sinful.dk/kvinder/anal-sexlegetoej
TV 2 PLAY - 481 billeder - Produkt/tjeneste - ;https://www.facebook.com/tv2play/
Maria Casino - Indbetal 200 kr og f√• 200 kr til Frequent Flyer;https://casino.ekstrabladet.dk/gaatil-mariacasino-terms
http://l.facebook.com/l.php?u=http%3A%2F%2Fgo.tv2.dk%2F&h=AT1XtDAWmBiTrBH8AFUU9YhmFUxKuigNxvdsDa34P--of4L1XrFvGBZZKmBSFB8uMFhuA6bZAS97Ji4j6Ca6FePDBzytaF014FBYdhiNzjSas4221H7eI7hK85-bxt4IBGlHftNvJtYJBGXVHAw;http://l.facebook.com/l.php?u=http%3A%2F%2Fgo.tv2.dk%2F&h=AT1XtDAWmBiTrBH8AFUU9YhmFUxKuigNxvdsDa34P--of4L1XrFvGBZZKmBSFB8uMFhuA6bZAS97Ji4j6Ca6FePDBzytaF014FBYdhiNzjSas4221H7eI7hK85-bxt4IBGlHftNvJtYJBGXVHAw
 Google Maps ;https://goo.gl/maps/GR7NTt7bU5RsrKTy9
ATS - politiken.dk;https://politiken.dk/bagsiden/atsbagsiden/
Side 9 ‚Äì Ekstra Bladet;https://ekstrabladet.dk/plus/side9/
Kundecenter\n;https://abonnement.jyllands-posten.dk/kundecenter.aspx
Bedre Sex - Stort udvalg af sexleget√∏j p√• Sinful.dk;https://www.sinful.dk/maend/bedre-sex
Vild Med Dans - Startside | Facebook;https://www.facebook.com/vildmeddans/
Om Klimamonitor;https://miljoogklima.dk/om/
Ferratum Kredit;https://laan.ekstrabladet.dk/redirect/loan/200/#ferratum-kredit
Monitormedier;https://monitormedier.dk
Internationalt - politiken.dk;https://politiken.dk/udland/